fre,VerseID,Sun,Moon,Mars,Mercury,Jupiter,Venus,Saturn,Rahu,Ketu,Result,ImagePath
Aries,Aries-01,Gemini,,Aries,Gemini,Libra,Gemini,Libra,,Aries,"The native’s siblings—those born alongside or close in age—are said to suffer decline or destruction (Kshina/ meaning weakness, ruin, or loss in classical Sanskrit/Tamil usage).",Kuja_Khandam/images/Aries-Chart01.jpg
Aries,Aries-02,,,Aries,,Libra,,Virgo,,Aries,The native will have an elder sister and a younger brother.,Kuja_Khandam/images/Aries-Chart02.jpg
Aries,Aries-03,,,Aries,,,Aries,Aquarius,,,"The native will have four sons and three daughters. The first daughter will become a widow, through whom wealth and lands will be acquired.",Kuja_Khandam/images/Aries-Chart03.jpg
Aries,Aries-04,Aries,,Aries,,Sagittarius,Aries,,Gemini,,"The native will experience the death of the elder sibling while still in the womb. Before the native’s birth, there will be two male siblings and one female. At the time of birth, the father will gain prominence and wealth.",Kuja_Khandam/images/Aries-Chart04.jpg
Aries,Aries-05,,Leo,Aries,Gemini,,,,Leo,,The native will be long-lived and will possess land and wealth.,Kuja_Khandam/images/Aries-Chart05.jpg
Aries,Aries-06,,,Taurus,,Virgo,,Pisces,,,"The native will be the only child. In the father's second marriage, there will be six children. The native will be born in the same nakshatra as the father.",Kuja_Khandam/images/Aries-Chart06.jpg
Aries,Aries-07,Gemini,Taurus,Taurus,Taurus,,,,,,The native will have two brothers and five sisters. The sisters will be long-lived. The native and one brother will face a painful death due to dharmic obligations.,Kuja_Khandam/images/Aries-Chart07.jpg
Aries,Aries-08,,,Taurus,,,,Virgo,,,"Along with the native, there will be four siblings, three of whom are female. The native will inherit property through the maternal line.",Kuja_Khandam/images/Aries-Chart08.jpg
Aries,Aries-09,,,Taurus,Aries,,Taurus,,,Taurus,"There will be two elder brothers before the native’s birth, Followed by seven younger brothers and five sisters.",Kuja_Khandam/images/Aries-Chart09.jpg
Aries,Aries-10,,,Taurus,Pisces,Taurus,Taurus,,,,"The native will be the fifth child, preceded by many brothers and one sister. The native will have a physical deformity in the leg. The father will die during the planetary period of the Lagna lord.",Kuja_Khandam/images/Aries-Chart10.jpg
Aries,Aries-11,,Sagittarius,Gemini,,,,,,,"The native will have a total of ten siblings—mostly male, with four females. The native will have a deformity in the hand.",Kuja_Khandam/images/Aries-Chart11.jpg
Aries,Aries-12,Virgo,,Gemini,Virgo,,,,,,The native will have one elder brother and one elder sister. There will be no paternal inheritance.,Kuja_Khandam/images/Aries-Chart12.jpg
Aries,Aries-13,,Sagittarius,Gemini,,,Gemini,,,,"The native will be a single child and long-lived.In later life, he will possess wisdom and knowledge, and receive support and benefits until the end.",Kuja_Khandam/images/Aries-Chart13.jpg
Aries,Aries-14,,,Gemini,,,,,,,"There will be one elder sister, who will be long-lived. The native will have limited prosperity later in life. He will be skilled in Telugu knowledge and will earn his livelihood through it.",Kuja_Khandam/images/Aries-Chart14.jpg
Aries,Aries-15,,,Gemini,,,,,,Gemini,"The native will be a single child for the first ten years, with no conception occurring. After that period, a female child will be born.",Kuja_Khandam/images/Aries-Chart15.jpg
Aries,Aries-16,,Sagittarius,Cancer,,,,,,Gemini,"The native will have eight siblings in total. During the planetary periods of Mars, Mercury, and Venus, sibling death is indicated.",Kuja_Khandam/images/Aries-Chart16.jpg
Aries,Aries-17,,,Cancer,,,,,Gemini,,"the native will die in youth. There will be three male siblings, all afflicted. There will be four female siblings.",Kuja_Khandam/images/Aries-Chart17.jpg
Aries,Aries-18,,,Cancer,Cancer,,,Capricorn,,,"there will be three younger brothers and two younger sisters. One younger brothers will be adopted and will die. Finally, there will be two more male births.",Kuja_Khandam/images/Aries-Chart18.jpg
Aries,Aries-19,Cancer,,Cancer,,,Cancer,Capricorn,,,"the native will have seven long-lived siblings, including two brothers. The native will possess wealth from birth.",Kuja_Khandam/images/Aries-Chart19.jpg
Aries,Aries-20,,Gemini,Cancer,,,,,Gemini,,"The native will have two brothers and four sisters. From the age of five, there will be family discord caused by a sibling.",Kuja_Khandam/images/Aries-Char20.jpg
Aries,Aries-21,,Gemini,Leo,,,Leo,,,,"The native is the eldest child. After the father's passing, there will be offspring from a second marriage, two sons and one daughter. One of the sons will be long-lived.",Kuja_Khandam/images/Aries-Chart21.jpg
Aries,Aries-22,,,Leo,,Sagittarius,,Leo,Gemini,,"The native will be a twin, born female. The firstborn female will have no prosperity. The native is the third conception. One of the twins will die within a month.",Kuja_Khandam/images/Aries-Chart22.jpg
Aries,Aries-23,Gemini,,Leo,,,,,Leo,,"The native will have one brother and one sister. At age 26, the elder sibling will suffer family separation, loss of prosperity, and hardship due to illness.",Kuja_Khandam/images/Aries-Chart23.jpg
Aries,Aries-24,Virgo,,Leo,Virgo,,Virgo,,,,"There will be twin siblings. There will be twelve siblings for the native, and the native will be one of the twins. Except for the native, all others will perish.",Kuja_Khandam/images/Aries-Chart24.jpg
Aries,Aries-25,,Aquarius,Leo,,Sagittarius,,,,,"the native will have three brothers and one sister. If birth occurs during the planetary period of the 8th lord, the native will experience hardship until age 22.",Kuja_Khandam/images/Aries-Chart25.jpg
Aries,Aries-26,,Virgo,Virgo,,Aquarius,,,,,The native will have one sister. She will be without prosperity.,Kuja_Khandam/images/Aries-Chart26.jpg
Aries,Aries-27,,,Virgo,,,Gemini,,Virgo,,"There will be one brother. He will be estranged from his father, attain prominence through learning, and, through marriage, separate from the family and enjoy the property of outsiders.",Kuja_Khandam/images/Aries-Chart27.jpg
Aries,Aries-28,Aries,,Virgo,Aries,,Aries,,,,"The native is the second conception. During Venus bhukti, the native will die.",Kuja_Khandam/images/Aries-Chart28.jpg
Aries,Aries-29,,,Virgo,,,Gemini,,,Gemini,The native will have three elder brothers and one elder sister. No further prosperity is indicated after them.,Kuja_Khandam/images/Aries-Chart29.jpg
Aries,Aries-30,,,Virgo,Pisces,,,,,,"The native will be a single child, with one sister born before. No further prosperity is indicated thereafter.",Kuja_Khandam/images/Aries-Chart30.jpg
Aries,Aries-31,,Libra,Libra,,,,,,,"There will be five brothers and two sisters. Among them, the third-born male will be prosperous. The native will have speech impediments from birth, uphold traditional values, and lead a life of hardship.",Kuja_Khandam/images/Aries-Chart31.jpg
Aries,Aries-32,,Sagittarius,Libra,,,,,,,There will be seven siblings in total. Among them are a prosperous brother and a sister.,Kuja_Khandam/images/Aries-Chart32.jpg
Aries,Aries-33,,,Libra,,,,Capricorn,,,The native will have no prosperity. Siblings will be born after the native.,Kuja_Khandam/images/Aries-Chart33.jpg
Aries,Aries-34,,,Libra,Sagittarius,,Sagittarius,,,,The siblings will be long-lived overall. There will be three brothers and two sisters. The eldest sibling will be born in Libra. One sister will die at age seven.,Kuja_Khandam/images/Aries-Chart34.jpg
Aries,Aries-35,Libra,Aries,Libra,,,,,,,"The native will have three brothers and one sister. One brother will be adopted into the maternal uncle’s family. Because of this, there will be litigation, financial expenditure, and eventual success.",Kuja_Khandam/images/Aries-Chart35.jpg
Aries,Aries-36,,,Scorpio,,,,,Gemini,,"Out of eight siblings, one will be a girl. The siblings will be wanderers due to litigation, yet they will possess good houses and land, and will remain childless.",Kuja_Khandam/images/Aries-Chart36.jpg
Aries,Aries-37,Scorpio,,Scorpio,Scorpio,Gemini,Sagittarius,,,,"The father will have three wives. There will be a total of ten siblings. Among them, four brothers and two sisters are expected to live long lives. The siblings will be disunited and lack harmony.",Kuja_Khandam/images/Aries-Chart37.jpg
Aries,Aries-38,,,Scorpio,,Scorpio,,,Gemini,,"Among two siblings, one is destined to die in youth.",Kuja_Khandam/images/Aries-Chart38.jpg
Aries,Aries-39,,,Scorpio,Scorpio,Scorpio,,Aries,Gemini,,"The native will have three brothers and two sisters. The eldest sibling will be a lucky person (Yogan), married twice, and will die in middle age.",Kuja_Khandam/images/Aries-Chart39.jpg
Aries,Aries-40,,,Scorpio,Libra,Scorpio,Libra,,,,"The native will have three brothers. The father’s eldest brother will raise them. At age fifteen, they will return to live with their father.The family will experience poverty.",Kuja_Khandam/images/Aries-Chart40.jpg
Aries,Aries-41,,,Sagittarius,Aquarius,Sagittarius,Aquarius,,,Aquarius,The native will have two brothers. The youngest brother will have daughters and will perform rituals to honour the father.,Kuja_Khandam/images/Aries-Chart41.jpg
Aries,Aries-42,,,Sagittarius,Pisces,,,,Pisces,,"The native will have six siblings before him and one sister after. Among them, two brothers and four sisters will be long-lived. The native will disappear or go missing at the age of fourteen.",Kuja_Khandam/images/Aries-Chart42.jpg
Aries,Aries-43,,,Sagittarius,Capricorn,Sagittarius,,,,,The native will have one sister. The father will be born under the sign of Sagittarius.,Kuja_Khandam/images/Aries-Chart43.jpg
Aries,Aries-44,,,Sagittarius,Aquarius,,,,Sagittarius,,The native will have two brothers and two sisters. The eldest sibling will be born under the sign of Capricorn. He will be fortunate and well-educated.,Kuja_Khandam/images/Aries-Chart44.jpg
Aries,Aries-45,Sagittarius,,Sagittarius,Sagittarius,Gemini,,,,,The native will have three sisters. He will be highly accomplished in knowledge and learning.,Kuja_Khandam/images/Aries-Chart45.jpg
Aries,Aries-46,,,Capricorn,Aries,,,,,Aries,The native will have four brothers and two sisters. The native and his siblings will attain prominence through education.,Kuja_Khandam/images/Aries-Chart46.jpg
Aries,Aries-47,,,Capricorn,Pisces,Taurus,,,Pisces,,"No matter how many siblings are born after the native, they will not be prosperous.",Kuja_Khandam/images/Aries-Chart47.jpg
Aries,Aries-48,,,Capricorn,,,,Capricorn,,,"The native will be raised alone, adopted into the paternal grandfather’s lineage. Due to engagement in sinful or lowly professions, the native will lack prosperity, suffer from chronic illness, and die without achieving success.",Kuja_Khandam/images/Aries-Chart48.jpg
Aries,Aries-49,Gemini,Capricorn,Capricorn,Gemini,,,,Gemini,,"The native will have four siblings, including two brothers who live alongside him. In the ninth year, the native will be formally adopted or accepted.",Kuja_Khandam/images/Aries-Chart49.jpg
Aries,Aries-50,Virgo,,Capricorn,,,,Virgo,,,One elder brother will die before the native’s birth. A younger sister will be born five years after the native.,Kuja_Khandam/images/Aries-Chart50.jpg
Aries,Aries-51,Taurus,,Aquarius,Taurus,,,Virgo,,Aquarius,"When the sibling lord is in the 2nd house with the 5th lord, and the sibling significator is joined with Ketu in the house of gain: The native will be highly fortunate and blessed with good yogas or fortune.",Kuja_Khandam/images/Aries-Chart51.jpg
Aries,Aries-52,,,Aquarius,Gemini,Sagittarius,,,,Aquarius,"The native will have four siblings, including two brothers. The youngest sibling will bring comfort, wealth, and distinction.",Kuja_Khandam/images/Aries-Chart52.jpg
Aries,Aries-53,Aquarius,,Aquarius,,,,Gemini,,,"The native will have three brothers and one sister. Among them, one brother will be long-lived. The siblings will attain wealth through the maternal lineage.",Kuja_Khandam/images/Aries-Chart53.jpg
Aries,Aries-54,Gemini,Gemini,Aquarius,,,,,,Aquarius,"The native will have two brothers. He will be fortunate, honoured by royalty, and endowed with vehicles, land, wealth, and protective authority.  He will engage in charitable food offerings (annadāna) and Shiva worship",Kuja_Khandam/images/Aries-Chart54.jpg
Aries,Aries-55,Aquarius,Capricorn,Aquarius,Capricorn,,Aquarius,,,,"The father will have multiple sons from two wives and one daughter. The native will have two brothers and one sister. The siblings will be restless, wandering, and prone to destroying wealth.",Kuja_Khandam/images/Aries-Chart55.jpg
Aries,Aries-56,,,Pisces,,,Gemini,Virgo,,,"The native will have eight brothers and five sisters, of whom four brothers will be long-lived. The native will suffer from illness and earn his livelihood through writing.",Kuja_Khandam/images/Aries-Chart56.jpg
Aries,Aries-57,Pisces,,Pisces,,,,Sagittarius,,,"The native will have two younger brothers and two younger sisters. In youth, the native will be raised in the paternal lineage, like an adopted child.",Kuja_Khandam/images/Aries-Chart57.jpg
Aries,Aries-58,Pisces,Virgo,Pisces,,,,Sagittarius,,,The native will have two brothers. The eldest brother will have a third marriage and will earn his livelihood through knowledge or scholarship.,Kuja_Khandam/images/Aries-Chart58.jpg
Aries,Aries-59,,,Pisces,,,,Virgo,Gemini,,"The native will be wealthy, possess land and property, and live comfortably.",Kuja_Khandam/images/Aries-Chart59.jpg
Aries,Aries-60,Aries,,Pisces,Aries,,Aries,,,Pisces,"The native will have three younger siblings, of whom one brother and one sister will survive. Until age 18, the native will undergo the Ashtama lord’s dasha (period of the 8th lord). In later life, there will be loss of land and wealth, and the native will migrate to a foreign country.",Kuja_Khandam/images/Aries-Chart60.jpg
Taurus,Taurus-01,,,Taurus,Capricorn,,,,,,,Kuja_Khandam/images/Taurus-Chart01.jpg
Taurus,Taurus-02,,,Taurus,,,,,Cancer,,,Kuja_Khandam/images/Taurus-Chart02.jpg
Taurus,Taurus-03,,Taurus,Taurus,Scorpio,,,,,,,Kuja_Khandam/images/Taurus-Chart03.jpg
Taurus,Taurus-04,,Taurus,Taurus,,Cancer,,,Cancer,,,Kuja_Khandam/images/Taurus-Chart04.jpg
Taurus,Taurus-05,,Pisces,Taurus,,,Pisces,Leo,Taurus,,,Kuja_Khandam/images/Taurus-Chart05.jpg
Taurus,Taurus-06,,Gemini,Gemini,,,,,,,,Kuja_Khandam/images/Taurus-Chart06.jpg
Taurus,Taurus-07,,,Gemini,,,,Leo,,,,Kuja_Khandam/images/Taurus-Chart07.jpg
Taurus,Taurus-08,,Cancer,Gemini,,,,,Cancer,,,Kuja_Khandam/images/Taurus-Chart08.jpg
Taurus,Taurus-09,,,Gemini,Pisces,,,,,Cancer,,Kuja_Khandam/images/Taurus-Chart09.jpg
Taurus,Taurus-10,Taurus,Scorpio,Gemini,,,,,,,,Kuja_Khandam/images/Taurus-Chart10.jpg
Taurus,Taurus-11,,,Cancer,,Pisces,,,Cancer,,,Kuja_Khandam/images/Taurus-Chart11.jpg
Taurus,Taurus-12,,Capricorn,Cancer,,,,Libra,,,,Kuja_Khandam/images/Taurus-Chart12.jpg
Taurus,Taurus-13,,Cancer,Cancer,,,,,,,,Kuja_Khandam/images/Taurus-Chart13.jpg
Taurus,Taurus-14,,,Cancer,,,,,,,,Kuja_Khandam/images/Taurus-Chart14.jpg
Taurus,Taurus-15,Cancer,,Cancer,Cancer,Scorpio,,,,,,Kuja_Khandam/images/Taurus-Chart15.jpg
Taurus,Taurus-16,,Pisces,Leo,Virgo,,Virgo,,Cancer,,,Kuja_Khandam/images/Taurus-Chart16.jpg
Taurus,Taurus-17,,Capricorn,Leo,Leo,,Cancer,,,,,Kuja_Khandam/images/Taurus-Chart17.jpg
Taurus,Taurus-18,,Capricorn,Leo,,,,Scorpio,,Leo,,Kuja_Khandam/images/Taurus-Chart18.jpg
Taurus,Taurus-19,Cancer,,Leo,,,Leo,,,,,Kuja_Khandam/images/Taurus-Chart19.jpg
Taurus,Taurus-20,,Taurus,Leo,,,,,,,,Kuja_Khandam/images/Taurus-Chart20.jpg
Taurus,Taurus-21,,,Virgo,,Pisces,,,,Virgo,,Kuja_Khandam/images/Taurus-Chart21.jpg
Taurus,Taurus-22,,Cancer,Virgo,,Cancer,,,,Cancer,,Kuja_Khandam/images/Taurus-Chart22.jpg
Taurus,Taurus-23,Capricorn,Pisces,Virgo,,Virgo,,,,,,Kuja_Khandam/images/Taurus-Chart23.jpg
Taurus,Taurus-24,Virgo,,Virgo,Virgo,,,,,,,Kuja_Khandam/images/Taurus-Chart24.jpg
Taurus,Taurus-25,,,Virgo,Capricorn,,Virgo,,,Virgo,,Kuja_Khandam/images/Taurus-Chart25.jpg
Taurus,Taurus-26,,Capricorn,Libra,,Virgo,,,,,,Kuja_Khandam/images/Taurus-Chart26.jpg
Taurus,Taurus-27,,Capricorn,Libra,,,Capricorn,Libra,,,,Kuja_Khandam/images/Taurus-Chart27.jpg
Taurus,Taurus-28,,,Libra,,,,Capricorn,,,,Kuja_Khandam/images/Taurus-Chart28.jpg
Taurus,Taurus-29,Capricorn,,Libra,Capricorn,,,Cancer,Cancer,,,Kuja_Khandam/images/Taurus-Chart29.jpg
Taurus,Taurus-30,,,Libra,,Gemini,,,Cancer,,,Kuja_Khandam/images/Taurus-Chart30.jpg
Taurus,Taurus-31,,Scorpio,Scorpio,,,,Capricorn,,,,Kuja_Khandam/images/Taurus-Chart31.jpg
Taurus,Taurus-32,,Capricorn,Scorpio,Taurus,,,,,,,Kuja_Khandam/images/Taurus-Chart32.jpg
Taurus,Taurus-33,Capricorn,,Scorpio,,,,Virgo,,Scorpio,,Kuja_Khandam/images/Taurus-Chart33.jpg
Taurus,Taurus-34,,,Scorpio,,Scorpio,,Cancer,Cancer,,,Kuja_Khandam/images/Taurus-Chart34.jpg
Taurus,Taurus-35,,,Scorpio,,Pisces,Pisces,Virgo,,,,Kuja_Khandam/images/Taurus-Chart35.jpg
Taurus,Taurus-36,Gemini,,Sagittarius,,,,Gemini,,,,Kuja_Khandam/images/Taurus-Chart36.jpg
Taurus,Taurus-37,,Sagittarius,Sagittarius,,,,Capricorn,,,,Kuja_Khandam/images/Taurus-Chart37.jpg
Taurus,Taurus-38,,,Sagittarius,,Scorpio,Sagittarius,,,Sagittarius,,Kuja_Khandam/images/Taurus-Chart38.jpg
Taurus,Taurus-39,,,Sagittarius,Capricorn,Capricorn,,,Capricorn,,,Kuja_Khandam/images/Taurus-Chart39.jpg
Taurus,Taurus-40,,Capricorn,Sagittarius,,,,,,Sagittarius,,Kuja_Khandam/images/Taurus-Chart40.jpg
Taurus,Taurus-41,,Pisces,Capricorn,,,,Capricorn,,Pisces,,Kuja_Khandam/images/Taurus-Chart41.jpg
Taurus,Taurus-42,,Pisces,Capricorn,,Pisces,,Virgo,,,,Kuja_Khandam/images/Taurus-Chart42.jpg
Taurus,Taurus-43,,Cancer,Capricorn,,Pisces,,,,,,Kuja_Khandam/images/Taurus-Chart43.jpg
Taurus,Taurus-44,,Cancer,Capricorn,,,,,Capricorn,,,Kuja_Khandam/images/Taurus-Chart44.jpg
Taurus,Taurus-45,,Aquarius,Capricorn,,Capricorn,,Leo,,,,Kuja_Khandam/images/Taurus-Chart45.jpg
Taurus,Taurus-46,,,Aquarius,,,,Cancer,,,,Kuja_Khandam/images/Taurus-Chart46.jpg
Taurus,Taurus-47,,Cancer,Aquarius,,,Aquarius,Aquarius,,,,Kuja_Khandam/images/Taurus-Chart47.jpg
Taurus,Taurus-48,Libra,Libra,Aquarius,Libra,,,,,Libra,,Kuja_Khandam/images/Taurus-Chart48.jpg
Taurus,Taurus-49,Aquarius,Cancer,Aquarius,Aquarius,,,,,,,Kuja_Khandam/images/Taurus-Chart49.jpg
Taurus,Taurus-50,,Virgo,Aquarius,,,,,,,,Kuja_Khandam/images/Taurus-Chart50.jpg
Taurus,Taurus-51,,Capricorn,Pisces,,,,,,,,Kuja_Khandam/images/Taurus-Chart51.jpg
Taurus,Taurus-52,,Scorpio,Pisces,,Pisces,,Scorpio,,,,Kuja_Khandam/images/Taurus-Chart52.jpg
Taurus,Taurus-53,Pisces,,Pisces,,,,Taurus,,,,Kuja_Khandam/images/Taurus-Chart53.jpg
Taurus,Taurus-54,,,Pisces,,Virgo,,,,Pisces,,Kuja_Khandam/images/Taurus-Chart54.jpg
Taurus,Taurus-55,,Sagittarius,Pisces,,,Pisces,Taurus,,,,Kuja_Khandam/images/Taurus-Chart55.jpg
Taurus,Taurus-56,,,Aries,,,Cancer,,,,,Kuja_Khandam/images/Taurus-Chart56.jpg
Taurus,Taurus-57,,,Aries,,Capricorn,,Libra,,,,Kuja_Khandam/images/Taurus-Chart57.jpg
Taurus,Taurus-58,,Aquarius,Aries,,Gemini,,Aquarius,,,,Kuja_Khandam/images/Taurus-Chart58.jpg
Taurus,Taurus-59,,Cancer,Aries,,,Capricorn,,,,,Kuja_Khandam/images/Taurus-Chart59.jpg
Taurus,Taurus-60,Cancer,,Aries,,,,,,Cancer,,Kuja_Khandam/images/Taurus-Chart60.jpg
Gemini,Gemini-01,,,,,,,,,,,Kuja_Khandam/images/Gemini-Chart01.jpg
Gemini,Gemini-02,,,,,,,,,,,Kuja_Khandam/images/Gemini-Chart02.jpg
Gemini,Gemini-03,,,,,,,,,,,Kuja_Khandam/images/Gemini-Chart03.jpg
Gemini,Gemini-04,,,,,,,,,,,Kuja_Khandam/images/Gemini-Chart04.jpg
Gemini,Gemini-05,,,,,,,,,,,Kuja_Khandam/images/Gemini-Chart05.jpg
Gemini,Gemini-06,,,,,,,,,,,Kuja_Khandam/images/Gemini-Chart06.jpg
Gemini,Gemini-07,,,,,,,,,,,Kuja_Khandam/images/Gemini-Chart07.jpg
Gemini,Gemini-08,,,,,,,,,,,Kuja_Khandam/images/Gemini-Chart08.jpg
Gemini,Gemini-09,,,,,,,,,,,Kuja_Khandam/images/Gemini-Chart09.jpg
Gemini,Gemini-10,,,,,,,,,,,Kuja_Khandam/images/Gemini-Chart10.jpg
Gemini,Gemini-11,,,,,,,,,,,Kuja_Khandam/images/Gemini-Chart11.jpg
Gemini,Gemini-12,,,,,,,,,,,Kuja_Khandam/images/Gemini-Chart12.jpg
Gemini,Gemini-13,,,,,,,,,,,Kuja_Khandam/images/Gemini-Chart13.jpg
Gemini,Gemini-14,,,,,,,,,,,Kuja_Khandam/images/Gemini-Chart14.jpg
Gemini,Gemini-15,,,,,,,,,,,Kuja_Khandam/images/Gemini-Chart15.jpg
Gemini,Gemini-16,,,,,,,,,,,Kuja_Khandam/images/Gemini-Chart16.jpg
Gemini,Gemini-17,,,,,,,,,,,Kuja_Khandam/images/Gemini-Chart17.jpg
Gemini,Gemini-18,,,,,,,,,,,Kuja_Khandam/images/Gemini-Chart18.jpg
Gemini,Gemini-19,,,,,,,,,,,Kuja_Khandam/images/Gemini-Chart19.jpg
Gemini,Gemini-20,,,,,,,,,,,Kuja_Khandam/images/Gemini-Chart20.jpg
Gemini,Gemini-21,,,,,,,,,,,Kuja_Khandam/images/Gemini-Chart21.jpg
Gemini,Gemini-22,,,,,,,,,,,Kuja_Khandam/images/Gemini-Chart22.jpg
Gemini,Gemini-23,,,,,,,,,,,Kuja_Khandam/images/Gemini-Chart23.jpg
Gemini,Gemini-24,,,,,,,,,,,Kuja_Khandam/images/Gemini-Chart24.jpg
Gemini,Gemini-25,,,,,,,,,,,Kuja_Khandam/images/Gemini-Chart25.jpg
Gemini,Gemini-26,,,,,,,,,,,Kuja_Khandam/images/Gemini-Chart26.jpg
Gemini,Gemini-27,,,,,,,,,,,Kuja_Khandam/images/Gemini-Chart27.jpg
Gemini,Gemini-28,,,,,,,,,,,Kuja_Khandam/images/Gemini-Chart28.jpg
Gemini,Gemini-29,,,,,,,,,,,Kuja_Khandam/images/Gemini-Chart29.jpg
Gemini,Gemini-30,,,,,,,,,,,Kuja_Khandam/images/Gemini-Chart30.jpg
Gemini,Gemini-31,,,,,,,,,,,Kuja_Khandam/images/Gemini-Chart31.jpg
Gemini,Gemini-32,,,,,,,,,,,Kuja_Khandam/images/Gemini-Chart32.jpg
Gemini,Gemini-33,,,,,,,,,,,Kuja_Khandam/images/Gemini-Chart33.jpg
Gemini,Gemini-34,,,,,,,,,,,Kuja_Khandam/images/Gemini-Chart34.jpg
Gemini,Gemini-35,,,,,,,,,,,Kuja_Khandam/images/Gemini-Chart35.jpg
Gemini,Gemini-36,,,,,,,,,,,Kuja_Khandam/images/Gemini-Chart36.jpg
Gemini,Gemini-37,,,,,,,,,,,Kuja_Khandam/images/Gemini-Chart37.jpg
Gemini,Gemini-38,,,,,,,,,,,Kuja_Khandam/images/Gemini-Chart38.jpg
Gemini,Gemini-39,,,,,,,,,,,Kuja_Khandam/images/Gemini-Chart39.jpg
Gemini,Gemini-40,,,,,,,,,,,Kuja_Khandam/images/Gemini-Chart40.jpg
Gemini,Gemini-41,,,,,,,,,,,Kuja_Khandam/images/Gemini-Chart41.jpg
Gemini,Gemini-42,,,,,,,,,,,Kuja_Khandam/images/Gemini-Chart42.jpg
Gemini,Gemini-43,,,,,,,,,,,Kuja_Khandam/images/Gemini-Chart43.jpg
Gemini,Gemini-44,,,,,,,,,,,Kuja_Khandam/images/Gemini-Chart44.jpg
Gemini,Gemini-45,,,,,,,,,,,Kuja_Khandam/images/Gemini-Chart45.jpg
Gemini,Gemini-46,,,,,,,,,,,Kuja_Khandam/images/Gemini-Chart46.jpg
Gemini,Gemini-47,,,,,,,,,,,Kuja_Khandam/images/Gemini-Chart47.jpg
Gemini,Gemini-48,,,,,,,,,,,Kuja_Khandam/images/Gemini-Chart48.jpg
Gemini,Gemini-49,,,,,,,,,,,Kuja_Khandam/images/Gemini-Chart49.jpg
Gemini,Gemini-50,,,,,,,,,,,Kuja_Khandam/images/Gemini-Chart50.jpg
Gemini,Gemini-51,,,,,,,,,,,Kuja_Khandam/images/Gemini-Chart51.jpg
Gemini,Gemini-52,,,,,,,,,,,Kuja_Khandam/images/Gemini-Chart52.jpg
Gemini,Gemini-53,,,,,,,,,,,Kuja_Khandam/images/Gemini-Chart53.jpg
Gemini,Gemini-54,,,,,,,,,,,Kuja_Khandam/images/Gemini-Chart54.jpg
Gemini,Gemini-55,,,,,,,,,,,Kuja_Khandam/images/Gemini-Chart55.jpg
Gemini,Gemini-56,,,,,,,,,,,Kuja_Khandam/images/Gemini-Chart56.jpg
Gemini,Gemini-57,,,,,,,,,,,Kuja_Khandam/images/Gemini-Chart57.jpg
Gemini,Gemini-58,,,,,,,,,,,Kuja_Khandam/images/Gemini-Chart58.jpg
Gemini,Gemini-59,,,,,,,,,,,Kuja_Khandam/images/Gemini-Chart59.jpg
Gemini,Gemini-60,,,,,,,,,,,Kuja_Khandam/images/Gemini-Chart60.jpg
Cancer,Cancer-01,,,,,,,,,,,Kuja_Khandam/images/Cancer-Chart01.jpg
Cancer,Cancer-02,,,,,,,,,,,Kuja_Khandam/images/Cancer-Chart02.jpg
Cancer,Cancer-03,,,,,,,,,,,Kuja_Khandam/images/Cancer-Chart03.jpg
Cancer,Cancer-04,,,,,,,,,,,Kuja_Khandam/images/Cancer-Chart04.jpg
Cancer,Cancer-05,,,,,,,,,,,Kuja_Khandam/images/Cancer-Chart05.jpg
Cancer,Cancer-06,,,,,,,,,,,Kuja_Khandam/images/Cancer-Chart06.jpg
Cancer,Cancer-07,,,,,,,,,,,Kuja_Khandam/images/Cancer-Chart07.jpg
Cancer,Cancer-08,,,,,,,,,,,Kuja_Khandam/images/Cancer-Chart08.jpg
Cancer,Cancer-09,,,,,,,,,,,Kuja_Khandam/images/Cancer-Chart09.jpg
Cancer,Cancer-10,,,,,,,,,,,Kuja_Khandam/images/Cancer-Chart10.jpg
Cancer,Cancer-11,,,,,,,,,,,Kuja_Khandam/images/Cancer-Chart11.jpg
Cancer,Cancer-12,,,,,,,,,,,Kuja_Khandam/images/Cancer-Chart12.jpg
Cancer,Cancer-13,,,,,,,,,,,Kuja_Khandam/images/Cancer-Chart13.jpg
Cancer,Cancer-14,,,,,,,,,,,Kuja_Khandam/images/Cancer-Chart14.jpg
Cancer,Cancer-15,,,,,,,,,,,Kuja_Khandam/images/Cancer-Chart15.jpg
Cancer,Cancer-16,,,,,,,,,,,Kuja_Khandam/images/Cancer-Chart16.jpg
Cancer,Cancer-17,,,,,,,,,,,Kuja_Khandam/images/Cancer-Chart17.jpg
Cancer,Cancer-18,,,,,,,,,,,Kuja_Khandam/images/Cancer-Chart18.jpg
Cancer,Cancer-19,,,,,,,,,,,Kuja_Khandam/images/Cancer-Chart19.jpg
Cancer,Cancer-20,,,,,,,,,,,Kuja_Khandam/images/Cancer-Chart20.jpg
Cancer,Cancer-21,,,,,,,,,,,Kuja_Khandam/images/Cancer-Chart21.jpg
Cancer,Cancer-22,,,,,,,,,,,Kuja_Khandam/images/Cancer-Chart22.jpg
Cancer,Cancer-23,,,,,,,,,,,Kuja_Khandam/images/Cancer-Chart23.jpg
Cancer,Cancer-24,,,,,,,,,,,Kuja_Khandam/images/Cancer-Chart24.jpg
Cancer,Cancer-25,,,,,,,,,,,Kuja_Khandam/images/Cancer-Chart25.jpg
Cancer,Cancer-26,,,,,,,,,,,Kuja_Khandam/images/Cancer-Chart26.jpg
Cancer,Cancer-27,,,,,,,,,,,Kuja_Khandam/images/Cancer-Chart27.jpg
Cancer,Cancer-28,,,,,,,,,,,Kuja_Khandam/images/Cancer-Chart28.jpg
Cancer,Cancer-29,,,,,,,,,,,Kuja_Khandam/images/Cancer-Chart29.jpg
Cancer,Cancer-30,,,,,,,,,,,Kuja_Khandam/images/Cancer-Chart30.jpg
Cancer,Cancer-31,,,,,,,,,,,Kuja_Khandam/images/Cancer-Chart31.jpg
Cancer,Cancer-32,,,,,,,,,,,Kuja_Khandam/images/Cancer-Chart32.jpg
Cancer,Cancer-33,,,,,,,,,,,Kuja_Khandam/images/Cancer-Chart33.jpg
Cancer,Cancer-34,,,,,,,,,,,Kuja_Khandam/images/Cancer-Chart34.jpg
Cancer,Cancer-35,,,,,,,,,,,Kuja_Khandam/images/Cancer-Chart35.jpg
Cancer,Cancer-36,,,,,,,,,,,Kuja_Khandam/images/Cancer-Chart36.jpg
Cancer,Cancer-37,,,,,,,,,,,Kuja_Khandam/images/Cancer-Chart37.jpg
Cancer,Cancer-38,,,,,,,,,,,Kuja_Khandam/images/Cancer-Chart38.jpg
Cancer,Cancer-39,,,,,,,,,,,Kuja_Khandam/images/Cancer-Chart39.jpg
Cancer,Cancer-40,,,,,,,,,,,Kuja_Khandam/images/Cancer-Chart40.jpg
Cancer,Cancer-41,,,,,,,,,,,Kuja_Khandam/images/Cancer-Chart41.jpg
Cancer,Cancer-42,,,,,,,,,,,Kuja_Khandam/images/Cancer-Chart42.jpg
Cancer,Cancer-43,,,,,,,,,,,Kuja_Khandam/images/Cancer-Chart43.jpg
Cancer,Cancer-44,,,,,,,,,,,Kuja_Khandam/images/Cancer-Chart44.jpg
Cancer,Cancer-45,,,,,,,,,,,Kuja_Khandam/images/Cancer-Chart45.jpg
Cancer,Cancer-46,,,,,,,,,,,Kuja_Khandam/images/Cancer-Chart46.jpg
Cancer,Cancer-47,,,,,,,,,,,Kuja_Khandam/images/Cancer-Chart47.jpg
Cancer,Cancer-48,,,,,,,,,,,Kuja_Khandam/images/Cancer-Chart48.jpg
Cancer,Cancer-49,,,,,,,,,,,Kuja_Khandam/images/Cancer-Chart49.jpg
Cancer,Cancer-50,,,,,,,,,,,Kuja_Khandam/images/Cancer-Chart50.jpg
Cancer,Cancer-51,,,,,,,,,,,Kuja_Khandam/images/Cancer-Chart51.jpg
Cancer,Cancer-52,,,,,,,,,,,Kuja_Khandam/images/Cancer-Chart52.jpg
Cancer,Cancer-53,,,,,,,,,,,Kuja_Khandam/images/Cancer-Chart53.jpg
Cancer,Cancer-54,,,,,,,,,,,Kuja_Khandam/images/Cancer-Chart54.jpg
Cancer,Cancer-55,,,,,,,,,,,Kuja_Khandam/images/Cancer-Chart55.jpg
Cancer,Cancer-56,,,,,,,,,,,Kuja_Khandam/images/Cancer-Chart56.jpg
Cancer,Cancer-57,,,,,,,,,,,Kuja_Khandam/images/Cancer-Chart57.jpg
Cancer,Cancer-58,,,,,,,,,,,Kuja_Khandam/images/Cancer-Chart58.jpg
Cancer,Cancer-59,,,,,,,,,,,Kuja_Khandam/images/Cancer-Chart59.jpg
Cancer,Cancer-60,,,,,,,,,,,Kuja_Khandam/images/Cancer-Chart60.jpg
Leo,Leo-01,,,,,,,,,,,Kuja_Khandam/images/Leo-Chart01.jpg
Leo,Leo-02,,,,,,,,,,,Kuja_Khandam/images/Leo-Chart02.jpg
Leo,Leo-11,,,,,,,,,,,Kuja_Khandam/images/Leo-Chart11.jpg
Leo,Leo-12,,,,,,,,,,,Kuja_Khandam/images/Leo-Chart12.jpg
Leo,Leo-13,,,,,,,,,,,Kuja_Khandam/images/Leo-Chart13.jpg
Leo,Leo-14,,,,,,,,,,,Kuja_Khandam/images/Leo-Chart14.jpg
Leo,Leo-15,,,,,,,,,,,Kuja_Khandam/images/Leo-Chart15.jpg
Leo,Leo-16,,,,,,,,,,,Kuja_Khandam/images/Leo-Chart16.jpg
Leo,Leo-17,,,,,,,,,,,Kuja_Khandam/images/Leo-Chart17.jpg
Leo,Leo-18,,,,,,,,,,,Kuja_Khandam/images/Leo-Chart18.jpg
Leo,Leo-19,,,,,,,,,,,Kuja_Khandam/images/Leo-Chart19.jpg
Leo,Leo-20,,,,,,,,,,,Kuja_Khandam/images/Leo-Chart20.jpg
Leo,Leo-21,,,,,,,,,,,Kuja_Khandam/images/Leo-Chart21.jpg
Leo,Leo-22,,,,,,,,,,,Kuja_Khandam/images/Leo-Chart22.jpg
Leo,Leo-23,,,,,,,,,,,Kuja_Khandam/images/Leo-Chart23.jpg
Leo,Leo-24,,,,,,,,,,,Kuja_Khandam/images/Leo-Chart24.jpg
Leo,Leo-25,,,,,,,,,,,Kuja_Khandam/images/Leo-Chart25.jpg
Leo,Leo-26,,,,,,,,,,,Kuja_Khandam/images/Leo-Chart26.jpg
Leo,Leo-27,,,,,,,,,,,Kuja_Khandam/images/Leo-Chart27.jpg
Leo,Leo-28,,,,,,,,,,,Kuja_Khandam/images/Leo-Chart28.jpg
Leo,Leo-29,,,,,,,,,,,Kuja_Khandam/images/Leo-Chart29.jpg
Leo,Leo-30,,,,,,,,,,,Kuja_Khandam/images/Leo-Chart30.jpg
Leo,Leo-31,,,,,,,,,,,Kuja_Khandam/images/Leo-Chart31.jpg
Leo,Leo-32,,,,,,,,,,,Kuja_Khandam/images/Leo-Chart32.jpg
Leo,Leo-33,,,,,,,,,,,Kuja_Khandam/images/Leo-Chart33.jpg
Leo,Leo-34,,,,,,,,,,,Kuja_Khandam/images/Leo-Chart34.jpg
Leo,Leo-35,,,,,,,,,,,Kuja_Khandam/images/Leo-Chart35.jpg
Leo,Leo-36,,,,,,,,,,,Kuja_Khandam/images/Leo-Chart36.jpg
Leo,Leo-37,,,,,,,,,,,Kuja_Khandam/images/Leo-Chart37.jpg
Leo,Leo-38,,,,,,,,,,,Kuja_Khandam/images/Leo-Chart38.jpg
Leo,Leo-39,,,,,,,,,,,Kuja_Khandam/images/Leo-Chart39.jpg
Leo,Leo-40,,,,,,,,,,,Kuja_Khandam/images/Leo-Chart40.jpg
Leo,Leo-41,,,,,,,,,,,Kuja_Khandam/images/Leo-Chart41.jpg
Leo,Leo-42,,,,,,,,,,,Kuja_Khandam/images/Leo-Chart42.jpg
Leo,Leo-43,,,,,,,,,,,Kuja_Khandam/images/Leo-Chart43.jpg
Leo,Leo-44,,,,,,,,,,,Kuja_Khandam/images/Leo-Chart44.jpg
Leo,Leo-45,,,,,,,,,,,Kuja_Khandam/images/Leo-Chart45.jpg
Leo,Leo-46,,,,,,,,,,,Kuja_Khandam/images/Leo-Chart46.jpg
Leo,Leo-47,,,,,,,,,,,Kuja_Khandam/images/Leo-Chart47.jpg
Leo,Leo-48,,,,,,,,,,,Kuja_Khandam/images/Leo-Chart48.jpg
Leo,Leo-49,,,,,,,,,,,Kuja_Khandam/images/Leo-Chart49.jpg
Leo,Leo-50,,,,,,,,,,,Kuja_Khandam/images/Leo-Chart50.jpg
Leo,Leo-51,,,,,,,,,,,Kuja_Khandam/images/Leo-Chart51.jpg
Leo,Leo-52,,,,,,,,,,,Kuja_Khandam/images/Leo-Chart52.jpg
Leo,Leo-53,,,,,,,,,,,Kuja_Khandam/images/Leo-Chart53.jpg
Leo,Leo-54,,,,,,,,,,,Kuja_Khandam/images/Leo-Chart54.jpg
Leo,Leo-55,,,,,,,,,,,Kuja_Khandam/images/Leo-Chart55.jpg
Leo,Leo-56,,,,,,,,,,,Kuja_Khandam/images/Leo-Chart56.jpg
Leo,Leo-57,,,,,,,,,,,Kuja_Khandam/images/Leo-Chart57.jpg
Leo,Leo-58,,,,,,,,,,,Kuja_Khandam/images/Leo-Chart58.jpg
Leo,Leo-59,,,,,,,,,,,Kuja_Khandam/images/Leo-Chart59.jpg
Leo,Leo-60,,,,,,,,,,,Kuja_Khandam/images/Leo-Chart60.jpg
Virgo,Virgo-01,,,,,,,,,,,Kuja_Khandam/images/Virgo-Chart01.jpg
Virgo,Virgo-02,,,,,,,,,,,Kuja_Khandam/images/Virgo-Chart02.jpg
Virgo,Virgo-03,,,,,,,,,,,Kuja_Khandam/images/Virgo-Chart03.jpg
Virgo,Virgo-04,,,,,,,,,,,Kuja_Khandam/images/Virgo-Chart04.jpg
Virgo,Virgo-05,,,,,,,,,,,Kuja_Khandam/images/Virgo-Chart05.jpg
Virgo,Virgo-06,,,,,,,,,,,Kuja_Khandam/images/Virgo-Chart06.jpg
Virgo,Virgo-07,,,,,,,,,,,Kuja_Khandam/images/Virgo-Chart07.jpg
Virgo,Virgo-08,,,,,,,,,,,Kuja_Khandam/images/Virgo-Chart08.jpg
Virgo,Virgo-09,,,,,,,,,,,Kuja_Khandam/images/Virgo-Chart09.jpg
Virgo,Virgo-10,,,,,,,,,,,Kuja_Khandam/images/Virgo-Chart10.jpg
Virgo,Virgo-11,,,,,,,,,,,Kuja_Khandam/images/Virgo-Chart11.jpg
Virgo,Virgo-12,,,,,,,,,,,Kuja_Khandam/images/Virgo-Chart12.jpg
Virgo,Virgo-13,,,,,,,,,,,Kuja_Khandam/images/Virgo-Chart13.jpg
Virgo,Virgo-14,,,,,,,,,,,Kuja_Khandam/images/Virgo-Chart14.jpg
Virgo,Virgo-15,,,,,,,,,,,Kuja_Khandam/images/Virgo-Chart15.jpg
Virgo,Virgo-16,,,,,,,,,,,Kuja_Khandam/images/Virgo-Chart16.jpg
Virgo,Virgo-17,,,,,,,,,,,Kuja_Khandam/images/Virgo-Chart17.jpg
Virgo,Virgo-18,,,,,,,,,,,Kuja_Khandam/images/Virgo-Chart18.jpg
Virgo,Virgo-19,,,,,,,,,,,Kuja_Khandam/images/Virgo-Chart19.jpg
Virgo,Virgo-20,,,,,,,,,,,Kuja_Khandam/images/Virgo-Chart20.jpg
Virgo,Virgo-21,,,,,,,,,,,Kuja_Khandam/images/Virgo-Chart21.jpg
Virgo,Virgo-22,,,,,,,,,,,Kuja_Khandam/images/Virgo-Chart22.jpg
Virgo,Virgo-23,,,,,,,,,,,Kuja_Khandam/images/Virgo-Chart23.jpg
Virgo,Virgo-24,,,,,,,,,,,Kuja_Khandam/images/Virgo-Chart24.jpg
Virgo,Virgo-25,,,,,,,,,,,Kuja_Khandam/images/Virgo-Chart25.jpg
Virgo,Virgo-26,,,,,,,,,,,Kuja_Khandam/images/Virgo-Chart26.jpg
Virgo,Virgo-27,,,,,,,,,,,Kuja_Khandam/images/Virgo-Chart27.jpg
Virgo,Virgo-28,,,,,,,,,,,Kuja_Khandam/images/Virgo-Chart28.jpg
Virgo,Virgo-29,,,,,,,,,,,Kuja_Khandam/images/Virgo-Chart29.jpg
Virgo,Virgo-30,,,,,,,,,,,Kuja_Khandam/images/Virgo-Chart30.jpg
Virgo,Virgo-31,,,,,,,,,,,Kuja_Khandam/images/Virgo-Chart31.jpg
Virgo,Virgo-32,,,,,,,,,,,Kuja_Khandam/images/Virgo-Chart32.jpg
Virgo,Virgo-33,,,,,,,,,,,Kuja_Khandam/images/Virgo-Chart33.jpg
Virgo,Virgo-34,,,,,,,,,,,Kuja_Khandam/images/Virgo-Chart34.jpg
Virgo,Virgo-35,,,,,,,,,,,Kuja_Khandam/images/Virgo-Chart35.jpg
Virgo,Virgo-36,,,,,,,,,,,Kuja_Khandam/images/Virgo-Chart36.jpg
Virgo,Virgo-37,,,,,,,,,,,Kuja_Khandam/images/Virgo-Chart37.jpg
Virgo,Virgo-38,,,,,,,,,,,Kuja_Khandam/images/Virgo-Chart38.jpg
Virgo,Virgo-39,,,,,,,,,,,Kuja_Khandam/images/Virgo-Chart39.jpg
Virgo,Virgo-40,,,,,,,,,,,Kuja_Khandam/images/Virgo-Chart40.jpg
Virgo,Virgo-41,,,,,,,,,,,Kuja_Khandam/images/Virgo-Chart41.jpg
Virgo,Virgo-42,,,,,,,,,,,Kuja_Khandam/images/Virgo-Chart42.jpg
Virgo,Virgo-43,,,,,,,,,,,Kuja_Khandam/images/Virgo-Chart43.jpg
Virgo,Virgo-44,,,,,,,,,,,Kuja_Khandam/images/Virgo-Chart44.jpg
Virgo,Virgo-45,,,,,,,,,,,Kuja_Khandam/images/Virgo-Chart45.jpg
Virgo,Virgo-46,,,,,,,,,,,Kuja_Khandam/images/Virgo-Chart46.jpg
Virgo,Virgo-47,,,,,,,,,,,Kuja_Khandam/images/Virgo-Chart47.jpg
Virgo,Virgo-48,,,,,,,,,,,Kuja_Khandam/images/Virgo-Chart48.jpg
Virgo,Virgo-49,,,,,,,,,,,Kuja_Khandam/images/Virgo-Chart49.jpg
Virgo,Virgo-50,,,,,,,,,,,Kuja_Khandam/images/Virgo-Chart50.jpg
Virgo,Virgo-51,,,,,,,,,,,Kuja_Khandam/images/Virgo-Chart51.jpg
Virgo,Virgo-52,,,,,,,,,,,Kuja_Khandam/images/Virgo-Chart52.jpg
Virgo,Virgo-53,,,,,,,,,,,Kuja_Khandam/images/Virgo-Chart53.jpg
Virgo,Virgo-54,,,,,,,,,,,Kuja_Khandam/images/Virgo-Chart54.jpg
Virgo,Virgo-55,,,,,,,,,,,Kuja_Khandam/images/Virgo-Chart55.jpg
Virgo,Virgo-56,,,,,,,,,,,Kuja_Khandam/images/Virgo-Chart56.jpg
Virgo,Virgo-57,,,,,,,,,,,Kuja_Khandam/images/Virgo-Chart57.jpg
Virgo,Virgo-58,,,,,,,,,,,Kuja_Khandam/images/Virgo-Chart58.jpg
Virgo,Virgo-59,,,,,,,,,,,Kuja_Khandam/images/Virgo-Chart59.jpg
Virgo,Virgo-60,,,,,,,,,,,Kuja_Khandam/images/Virgo-Chart60.jpg
Libra,Libra-01,,,,,,,,,,,Kuja_Khandam/images/Libra-Chart01.jpg
Libra,Libra-02,,,,,,,,,,,Kuja_Khandam/images/Libra-Chart02.jpg
Libra,Libra-03,,,,,,,,,,,Kuja_Khandam/images/Libra-Chart03.jpg
Libra,Libra-04,,,,,,,,,,,Kuja_Khandam/images/Libra-Chart04.jpg
Libra,Libra-05,,,,,,,,,,,Kuja_Khandam/images/Libra-Chart05.jpg
Libra,Libra-06,,,,,,,,,,,Kuja_Khandam/images/Libra-Chart06.jpg
Libra,Libra-07,,,,,,,,,,,Kuja_Khandam/images/Libra-Chart07.jpg
Libra,Libra-08,,,,,,,,,,,Kuja_Khandam/images/Libra-Chart08.jpg
Libra,Libra-09,,,,,,,,,,,Kuja_Khandam/images/Libra-Chart09.jpg
Libra,Libra-10,,,,,,,,,,,Kuja_Khandam/images/Libra-Chart10.jpg
Libra,Libra-11,,,,,,,,,,,Kuja_Khandam/images/Libra-Chart11.jpg
Libra,Libra-12,,,,,,,,,,,Kuja_Khandam/images/Libra-Chart12.jpg
Libra,Libra-13,,,,,,,,,,,Kuja_Khandam/images/Libra-Chart13.jpg
Libra,Libra-14,,,,,,,,,,,Kuja_Khandam/images/Libra-Chart14.jpg
Libra,Libra-15,,,,,,,,,,,Kuja_Khandam/images/Libra-Chart15.jpg
Libra,Libra-16,,,,,,,,,,,Kuja_Khandam/images/Libra-Chart16.jpg
Libra,Libra-17,,,,,,,,,,,Kuja_Khandam/images/Libra-Chart17.jpg
Libra,Libra-18,,,,,,,,,,,Kuja_Khandam/images/Libra-Chart18.jpg
Libra,Libra-19,,,,,,,,,,,Kuja_Khandam/images/Libra-Chart19.jpg
Libra,Libra-20,,,,,,,,,,,Kuja_Khandam/images/Libra-Chart20.jpg
Libra,Libra-21,,,,,,,,,,,Kuja_Khandam/images/Libra-Chart21.jpg
Libra,Libra-22,,,,,,,,,,,Kuja_Khandam/images/Libra-Chart22.jpg
Libra,Libra-23,,,,,,,,,,,Kuja_Khandam/images/Libra-Chart23.jpg
Libra,Libra-24,,,,,,,,,,,Kuja_Khandam/images/Libra-Chart24.jpg
Libra,Libra-25,,,,,,,,,,,Kuja_Khandam/images/Libra-Chart25.jpg
Libra,Libra-26,,,,,,,,,,,Kuja_Khandam/images/Libra-Chart26.jpg
Libra,Libra-27,,,,,,,,,,,Kuja_Khandam/images/Libra-Chart27.jpg
Libra,Libra-28,,,,,,,,,,,Kuja_Khandam/images/Libra-Chart28.jpg
Libra,Libra-29,,,,,,,,,,,Kuja_Khandam/images/Libra-Chart29.jpg
Libra,Libra-30,,,,,,,,,,,Kuja_Khandam/images/Libra-Chart30.jpg
Libra,Libra-31,,,,,,,,,,,Kuja_Khandam/images/Libra-Chart31.jpg
Libra,Libra-32,,,,,,,,,,,Kuja_Khandam/images/Libra-Chart32.jpg
Libra,Libra-33,,,,,,,,,,,Kuja_Khandam/images/Libra-Chart33.jpg
Libra,Libra-34,,,,,,,,,,,Kuja_Khandam/images/Libra-Chart34.jpg
Libra,Libra-35,,,,,,,,,,,Kuja_Khandam/images/Libra-Chart35.jpg
Libra,Libra-36,,,,,,,,,,,Kuja_Khandam/images/Libra-Chart36.jpg
Libra,Libra-37,,,,,,,,,,,Kuja_Khandam/images/Libra-Chart37.jpg
Libra,Libra-38,,,,,,,,,,,Kuja_Khandam/images/Libra-Chart38.jpg
Libra,Libra-39,,,,,,,,,,,Kuja_Khandam/images/Libra-Chart39.jpg
Libra,Libra-40,,,,,,,,,,,Kuja_Khandam/images/Libra-Chart40.jpg
Libra,Libra-41,,,,,,,,,,,Kuja_Khandam/images/Libra-Chart41.jpg
Libra,Libra-42,,,,,,,,,,,Kuja_Khandam/images/Libra-Chart42.jpg
Libra,Libra-43,,,,,,,,,,,Kuja_Khandam/images/Libra-Chart43.jpg
Libra,Libra-44,,,,,,,,,,,Kuja_Khandam/images/Libra-Chart44.jpg
Libra,Libra-45,,,,,,,,,,,Kuja_Khandam/images/Libra-Chart45.jpg
Libra,Libra-46,,,,,,,,,,,Kuja_Khandam/images/Libra-Chart46.jpg
Libra,Libra-47,,,,,,,,,,,Kuja_Khandam/images/Libra-Chart47.jpg
Libra,Libra-48,,,,,,,,,,,Kuja_Khandam/images/Libra-Chart48.jpg
Libra,Libra-49,,,,,,,,,,,Kuja_Khandam/images/Libra-Chart49.jpg
Libra,Libra-50,,,,,,,,,,,Kuja_Khandam/images/Libra-Chart50.jpg
Libra,Libra-51,,,,,,,,,,,Kuja_Khandam/images/Libra-Chart51.jpg
Libra,Libra-52,,,,,,,,,,,Kuja_Khandam/images/Libra-Chart52.jpg
Libra,Libra-53,,,,,,,,,,,Kuja_Khandam/images/Libra-Chart53.jpg
Libra,Libra-54,,,,,,,,,,,Kuja_Khandam/images/Libra-Chart54.jpg
Libra,Libra-55,,,,,,,,,,,Kuja_Khandam/images/Libra-Chart55.jpg
Libra,Libra-56,,,,,,,,,,,Kuja_Khandam/images/Libra-Chart56.jpg
Libra,Libra-57,,,,,,,,,,,Kuja_Khandam/images/Libra-Chart57.jpg
Libra,Libra-58,,,,,,,,,,,Kuja_Khandam/images/Libra-Chart58.jpg
Libra,Libra-59,,,,,,,,,,,Kuja_Khandam/images/Libra-Chart59.jpg
Libra,Libra-60,,,,,,,,,,,Kuja_Khandam/images/Libra-Chart60.jpg
Scorpio,Scorpio-01,,,,,,,,,,,Kuja_Khandam/images/Scorpio-Chart01.jpg
Scorpio,Scorpio-02,,,,,,,,,,,Kuja_Khandam/images/Scorpio-Chart02.jpg
Scorpio,Scorpio-03,,,,,,,,,,,Kuja_Khandam/images/Scorpio-Chart03.jpg
Scorpio,Scorpio-04,,,,,,,,,,,Kuja_Khandam/images/Scorpio-Chart04.jpg
Scorpio,Scorpio-05,,,,,,,,,,,Kuja_Khandam/images/Scorpio-Chart05.jpg
Scorpio,Scorpio-06,,,,,,,,,,,Kuja_Khandam/images/Scorpio-Chart06.jpg
Scorpio,Scorpio-07,,,,,,,,,,,Kuja_Khandam/images/Scorpio-Chart07.jpg
Scorpio,Scorpio-08,,,,,,,,,,,Kuja_Khandam/images/Scorpio-Chart08.jpg
Scorpio,Scorpio-09,,,,,,,,,,,Kuja_Khandam/images/Scorpio-Chart09.jpg
Scorpio,Scorpio-10,,,,,,,,,,,Kuja_Khandam/images/Scorpio-Chart10.jpg
Scorpio,Scorpio-11,,,,,,,,,,,Kuja_Khandam/images/Scorpio-Chart11.jpg
Scorpio,Scorpio-12,,,,,,,,,,,Kuja_Khandam/images/Scorpio-Chart12.jpg
Scorpio,Scorpio-13,,,,,,,,,,,Kuja_Khandam/images/Scorpio-Chart13.jpg
Scorpio,Scorpio-14,,,,,,,,,,,Kuja_Khandam/images/Scorpio-Chart14.jpg
Scorpio,Scorpio-15,,,,,,,,,,,Kuja_Khandam/images/Scorpio-Chart15.jpg
Scorpio,Scorpio-16,,,,,,,,,,,Kuja_Khandam/images/Scorpio-Chart16.jpg
Scorpio,Scorpio-17,,,,,,,,,,,Kuja_Khandam/images/Scorpio-Chart17.jpg
Scorpio,Scorpio-18,,,,,,,,,,,Kuja_Khandam/images/Scorpio-Chart18.jpg
Scorpio,Scorpio-19,,,,,,,,,,,Kuja_Khandam/images/Scorpio-Chart19.jpg
Scorpio,Scorpio-20,,,,,,,,,,,Kuja_Khandam/images/Scorpio-Chart20.jpg
Scorpio,Scorpio-21,,,,,,,,,,,Kuja_Khandam/images/Scorpio-Chart21.jpg
Scorpio,Scorpio-22,,,,,,,,,,,Kuja_Khandam/images/Scorpio-Chart22.jpg
Scorpio,Scorpio-23,,,,,,,,,,,Kuja_Khandam/images/Scorpio-Chart23.jpg
Scorpio,Scorpio-24,,,,,,,,,,,Kuja_Khandam/images/Scorpio-Chart24.jpg
Scorpio,Scorpio-25,,,,,,,,,,,Kuja_Khandam/images/Scorpio-Chart25.jpg
Scorpio,Scorpio-26,,,,,,,,,,,Kuja_Khandam/images/Scorpio-Chart26.jpg
Scorpio,Scorpio-27,,,,,,,,,,,Kuja_Khandam/images/Scorpio-Chart27.jpg
Scorpio,Scorpio-28,,,,,,,,,,,Kuja_Khandam/images/Scorpio-Chart28.jpg
Scorpio,Scorpio-29,,,,,,,,,,,Kuja_Khandam/images/Scorpio-Chart29.jpg
Scorpio,Scorpio-30,,,,,,,,,,,Kuja_Khandam/images/Scorpio-Chart30.jpg
Scorpio,Scorpio-31,,,,,,,,,,,Kuja_Khandam/images/Scorpio-Chart31.jpg
Scorpio,Scorpio-32,,,,,,,,,,,Kuja_Khandam/images/Scorpio-Chart32.jpg
Scorpio,Scorpio-33,,,,,,,,,,,Kuja_Khandam/images/Scorpio-Chart33.jpg
Scorpio,Scorpio-34,,,,,,,,,,,Kuja_Khandam/images/Scorpio-Chart34.jpg
Scorpio,Scorpio-35,,,,,,,,,,,Kuja_Khandam/images/Scorpio-Chart35.jpg
Scorpio,Scorpio-36,,,,,,,,,,,Kuja_Khandam/images/Scorpio-Chart36.jpg
Scorpio,Scorpio-37,,,,,,,,,,,Kuja_Khandam/images/Scorpio-Chart37.jpg
Scorpio,Scorpio-38,,,,,,,,,,,Kuja_Khandam/images/Scorpio-Chart38.jpg
Scorpio,Scorpio-39,,,,,,,,,,,Kuja_Khandam/images/Scorpio-Chart39.jpg
Scorpio,Scorpio-40,,,,,,,,,,,Kuja_Khandam/images/Scorpio-Chart40.jpg
Scorpio,Scorpio-41,,,,,,,,,,,Kuja_Khandam/images/Scorpio-Chart41.jpg
Scorpio,Scorpio-42,,,,,,,,,,,Kuja_Khandam/images/Scorpio-Chart42.jpg
Scorpio,Scorpio-43,,,,,,,,,,,Kuja_Khandam/images/Scorpio-Chart43.jpg
Scorpio,Scorpio-44,,,,,,,,,,,Kuja_Khandam/images/Scorpio-Chart44.jpg
Scorpio,Scorpio-45,,,,,,,,,,,Kuja_Khandam/images/Scorpio-Chart45.jpg
Scorpio,Scorpio-46,,,,,,,,,,,Kuja_Khandam/images/Scorpio-Chart46.jpg
Scorpio,Scorpio-47,,,,,,,,,,,Kuja_Khandam/images/Scorpio-Chart47.jpg
Scorpio,Scorpio-48,,,,,,,,,,,Kuja_Khandam/images/Scorpio-Chart48.jpg
Scorpio,Scorpio-49,,,,,,,,,,,Kuja_Khandam/images/Scorpio-Chart49.jpg
Scorpio,Scorpio-50,,,,,,,,,,,Kuja_Khandam/images/Scorpio-Chart50.jpg
Scorpio,Scorpio-51,,,,,,,,,,,Kuja_Khandam/images/Scorpio-Chart51.jpg
Scorpio,Scorpio-52,,,,,,,,,,,Kuja_Khandam/images/Scorpio-Chart52.jpg
Scorpio,Scorpio-53,,,,,,,,,,,Kuja_Khandam/images/Scorpio-Chart53.jpg
Scorpio,Scorpio-54,,,,,,,,,,,Kuja_Khandam/images/Scorpio-Chart54.jpg
Scorpio,Scorpio-55,,,,,,,,,,,Kuja_Khandam/images/Scorpio-Chart55.jpg
Scorpio,Scorpio-56,,,,,,,,,,,Kuja_Khandam/images/Scorpio-Chart56.jpg
Scorpio,Scorpio-57,,,,,,,,,,,Kuja_Khandam/images/Scorpio-Chart57.jpg
Scorpio,Scorpio-58,,,,,,,,,,,Kuja_Khandam/images/Scorpio-Chart58.jpg
Scorpio,Scorpio-59,,,,,,,,,,,Kuja_Khandam/images/Scorpio-Chart59.jpg
Scorpio,Scorpio-60,,,,,,,,,,,Kuja_Khandam/images/Scorpio-Chart60.jpg
Sagittarius,Sagittarius-01,,,,,,,,,,,Kuja_Khandam/images/Sagittarius-Chart01.jpg
Sagittarius,Sagittarius-02,,,,,,,,,,,Kuja_Khandam/images/Sagittarius-Chart02.jpg
Sagittarius,Sagittarius-03,,,,,,,,,,,Kuja_Khandam/images/Sagittarius-Chart03.jpg
Sagittarius,Sagittarius-04,,,,,,,,,,,Kuja_Khandam/images/Sagittarius-Chart04.jpg
Sagittarius,Sagittarius-05,,,,,,,,,,,Kuja_Khandam/images/Sagittarius-Chart05.jpg
Sagittarius,Sagittarius-06,,,,,,,,,,,Kuja_Khandam/images/Sagittarius-Chart06.jpg
Sagittarius,Sagittarius-07,,,,,,,,,,,Kuja_Khandam/images/Sagittarius-Chart07.jpg
Sagittarius,Sagittarius-08,,,,,,,,,,,Kuja_Khandam/images/Sagittarius-Chart08.jpg
Sagittarius,Sagittarius-09,,,,,,,,,,,Kuja_Khandam/images/Sagittarius-Chart09.jpg
Sagittarius,Sagittarius-10,,,,,,,,,,,Kuja_Khandam/images/Sagittarius-Chart10.jpg
Sagittarius,Sagittarius-11,,,,,,,,,,,Kuja_Khandam/images/Sagittarius-Chart11.jpg
Sagittarius,Sagittarius-12,,,,,,,,,,,Kuja_Khandam/images/Sagittarius-Chart12.jpg
Sagittarius,Sagittarius-13,,,,,,,,,,,Kuja_Khandam/images/Sagittarius-Chart13.jpg
Sagittarius,Sagittarius-14,,,,,,,,,,,Kuja_Khandam/images/Sagittarius-Chart14.jpg
Sagittarius,Sagittarius-15,,,,,,,,,,,Kuja_Khandam/images/Sagittarius-Chart15.jpg
Sagittarius,Sagittarius-16,,,,,,,,,,,Kuja_Khandam/images/Sagittarius-Chart16.jpg
Sagittarius,Sagittarius-17,,,,,,,,,,,Kuja_Khandam/images/Sagittarius-Chart17.jpg
Sagittarius,Sagittarius-18,,,,,,,,,,,Kuja_Khandam/images/Sagittarius-Chart18.jpg
Sagittarius,Sagittarius-19,,,,,,,,,,,Kuja_Khandam/images/Sagittarius-Chart19.jpg
Sagittarius,Sagittarius-20,,,,,,,,,,,Kuja_Khandam/images/Sagittarius-Chart20.jpg
Sagittarius,Sagittarius-21,,,,,,,,,,,Kuja_Khandam/images/Sagittarius-Chart21.jpg
Sagittarius,Sagittarius-22,,,,,,,,,,,Kuja_Khandam/images/Sagittarius-Chart22.jpg
Sagittarius,Sagittarius-23,,,,,,,,,,,Kuja_Khandam/images/Sagittarius-Chart23.jpg
Sagittarius,Sagittarius-24,,,,,,,,,,,Kuja_Khandam/images/Sagittarius-Chart24.jpg
Sagittarius,Sagittarius-25,,,,,,,,,,,Kuja_Khandam/images/Sagittarius-Chart25.jpg
Sagittarius,Sagittarius-26,,,,,,,,,,,Kuja_Khandam/images/Sagittarius-Chart26.jpg
Sagittarius,Sagittarius-27,,,,,,,,,,,Kuja_Khandam/images/Sagittarius-Chart27.jpg
Sagittarius,Sagittarius-28,,,,,,,,,,,Kuja_Khandam/images/Sagittarius-Chart28.jpg
Sagittarius,Sagittarius-29,,,,,,,,,,,Kuja_Khandam/images/Sagittarius-Chart29.jpg
Sagittarius,Sagittarius-30,,,,,,,,,,,Kuja_Khandam/images/Sagittarius-Chart30.jpg
Sagittarius,Sagittarius-31,,,,,,,,,,,Kuja_Khandam/images/Sagittarius-Chart31.jpg
Sagittarius,Sagittarius-32,,,,,,,,,,,Kuja_Khandam/images/Sagittarius-Chart32.jpg
Sagittarius,Sagittarius-33,,,,,,,,,,,Kuja_Khandam/images/Sagittarius-Chart33.jpg
Sagittarius,Sagittarius-34,,,,,,,,,,,Kuja_Khandam/images/Sagittarius-Chart34.jpg
Sagittarius,Sagittarius-35,,,,,,,,,,,Kuja_Khandam/images/Sagittarius-Chart35.jpg
Sagittarius,Sagittarius-36,,,,,,,,,,,Kuja_Khandam/images/Sagittarius-Chart36.jpg
Sagittarius,Sagittarius-37,,,,,,,,,,,Kuja_Khandam/images/Sagittarius-Chart37.jpg
Sagittarius,Sagittarius-38,,,,,,,,,,,Kuja_Khandam/images/Sagittarius-Chart38.jpg
Sagittarius,Sagittarius-39,,,,,,,,,,,Kuja_Khandam/images/Sagittarius-Chart39.jpg
Sagittarius,Sagittarius-40,,,,,,,,,,,Kuja_Khandam/images/Sagittarius-Chart40.jpg
Sagittarius,Sagittarius-41,,,,,,,,,,,Kuja_Khandam/images/Sagittarius-Chart41.jpg
Sagittarius,Sagittarius-42,,,,,,,,,,,Kuja_Khandam/images/Sagittarius-Chart42.jpg
Sagittarius,Sagittarius-43,,,,,,,,,,,Kuja_Khandam/images/Sagittarius-Chart43.jpg
Sagittarius,Sagittarius-44,,,,,,,,,,,Kuja_Khandam/images/Sagittarius-Chart44.jpg
Sagittarius,Sagittarius-45,,,,,,,,,,,Kuja_Khandam/images/Sagittarius-Chart45.jpg
Sagittarius,Sagittarius-46,,,,,,,,,,,Kuja_Khandam/images/Sagittarius-Chart46.jpg
Sagittarius,Sagittarius-47,,,,,,,,,,,Kuja_Khandam/images/Sagittarius-Chart47.jpg
Sagittarius,Sagittarius-48,,,,,,,,,,,Kuja_Khandam/images/Sagittarius-Chart48.jpg
Sagittarius,Sagittarius-49,,,,,,,,,,,Kuja_Khandam/images/Sagittarius-Chart49.jpg
Sagittarius,Sagittarius-50,,,,,,,,,,,Kuja_Khandam/images/Sagittarius-Chart50.jpg
Sagittarius,Sagittarius-51,,,,,,,,,,,Kuja_Khandam/images/Sagittarius-Chart51.jpg
Sagittarius,Sagittarius-52,,,,,,,,,,,Kuja_Khandam/images/Sagittarius-Chart52.jpg
Sagittarius,Sagittarius-53,,,,,,,,,,,Kuja_Khandam/images/Sagittarius-Chart53.jpg
Sagittarius,Sagittarius-54,,,,,,,,,,,Kuja_Khandam/images/Sagittarius-Chart54.jpg
Sagittarius,Sagittarius-55,,,,,,,,,,,Kuja_Khandam/images/Sagittarius-Chart55.jpg
Sagittarius,Sagittarius-56,,,,,,,,,,,Kuja_Khandam/images/Sagittarius-Chart56.jpg
Sagittarius,Sagittarius-57,,,,,,,,,,,Kuja_Khandam/images/Sagittarius-Chart57.jpg
Sagittarius,Sagittarius-58,,,,,,,,,,,Kuja_Khandam/images/Sagittarius-Chart58.jpg
Sagittarius,Sagittarius-59,,,,,,,,,,,Kuja_Khandam/images/Sagittarius-Chart59.jpg
Sagittarius,Sagittarius-60,,,,,,,,,,,Kuja_Khandam/images/Sagittarius-Chart60.jpg
Capricorn,Capricorn-01,,,,,,,,,,,Kuja_Khandam/images/Capricorn-Chart01.jpg
Capricorn,Capricorn-02,,,,,,,,,,,Kuja_Khandam/images/Capricorn-Chart02.jpg
Capricorn,Capricorn-03,,,,,,,,,,,Kuja_Khandam/images/Capricorn-Chart03.jpg
Capricorn,Capricorn-04,,,,,,,,,,,Kuja_Khandam/images/Capricorn-Chart04.jpg
Capricorn,Capricorn-05,,,,,,,,,,,Kuja_Khandam/images/Capricorn-Chart05.jpg
Capricorn,Capricorn-06,,,,,,,,,,,Kuja_Khandam/images/Capricorn-Chart06.jpg
Capricorn,Capricorn-07,,,,,,,,,,,Kuja_Khandam/images/Capricorn-Chart07.jpg
Capricorn,Capricorn-08,,,,,,,,,,,Kuja_Khandam/images/Capricorn-Chart08.jpg
Capricorn,Capricorn-09,,,,,,,,,,,Kuja_Khandam/images/Capricorn-Chart09.jpg
Capricorn,Capricorn-10,,,,,,,,,,,Kuja_Khandam/images/Capricorn-Chart10.jpg
Capricorn,Capricorn-11,,,,,,,,,,,Kuja_Khandam/images/Capricorn-Chart11.jpg
Capricorn,Capricorn-12,,,,,,,,,,,Kuja_Khandam/images/Capricorn-Chart12.jpg
Capricorn,Capricorn-13,,,,,,,,,,,Kuja_Khandam/images/Capricorn-Chart13.jpg
Capricorn,Capricorn-14,,,,,,,,,,,Kuja_Khandam/images/Capricorn-Chart14.jpg
Capricorn,Capricorn-15,,,,,,,,,,,Kuja_Khandam/images/Capricorn-Chart15.jpg
Capricorn,Capricorn-16,,,,,,,,,,,Kuja_Khandam/images/Capricorn-Chart16.jpg
Capricorn,Capricorn-17,,,,,,,,,,,Kuja_Khandam/images/Capricorn-Chart17.jpg
Capricorn,Capricorn-18,,,,,,,,,,,Kuja_Khandam/images/Capricorn-Chart18.jpg
Capricorn,Capricorn-19,,,,,,,,,,,Kuja_Khandam/images/Capricorn-Chart19.jpg
Capricorn,Capricorn-20,,,,,,,,,,,Kuja_Khandam/images/Capricorn-Chart20.jpg
Capricorn,Capricorn-21,,,,,,,,,,,Kuja_Khandam/images/Capricorn-Chart21.jpg
Capricorn,Capricorn-22,,,,,,,,,,,Kuja_Khandam/images/Capricorn-Chart22.jpg
Capricorn,Capricorn-23,,,,,,,,,,,Kuja_Khandam/images/Capricorn-Chart23.jpg
Capricorn,Capricorn-24,,,,,,,,,,,Kuja_Khandam/images/Capricorn-Chart24.jpg
Capricorn,Capricorn-25,,,,,,,,,,,Kuja_Khandam/images/Capricorn-Chart25.jpg
Capricorn,Capricorn-26,,,,,,,,,,,Kuja_Khandam/images/Capricorn-Chart26.jpg
Capricorn,Capricorn-27,,,,,,,,,,,Kuja_Khandam/images/Capricorn-Chart27.jpg
Capricorn,Capricorn-28,,,,,,,,,,,Kuja_Khandam/images/Capricorn-Chart28.jpg
Capricorn,Capricorn-29,,,,,,,,,,,Kuja_Khandam/images/Capricorn-Chart29.jpg
Capricorn,Capricorn-30,,,,,,,,,,,Kuja_Khandam/images/Capricorn-Chart30.jpg
Capricorn,Capricorn-31,,,,,,,,,,,Kuja_Khandam/images/Capricorn-Chart31.jpg
Capricorn,Capricorn-32,,,,,,,,,,,Kuja_Khandam/images/Capricorn-Chart32.jpg
Capricorn,Capricorn-33,,,,,,,,,,,Kuja_Khandam/images/Capricorn-Chart33.jpg
Capricorn,Capricorn-34,,,,,,,,,,,Kuja_Khandam/images/Capricorn-Chart34.jpg
Capricorn,Capricorn-35,,,,,,,,,,,Kuja_Khandam/images/Capricorn-Chart35.jpg
Capricorn,Capricorn-36,,,,,,,,,,,Kuja_Khandam/images/Capricorn-Chart36.jpg
Capricorn,Capricorn-37,,,,,,,,,,,Kuja_Khandam/images/Capricorn-Chart37.jpg
Capricorn,Capricorn-38,,,,,,,,,,,Kuja_Khandam/images/Capricorn-Chart38.jpg
Capricorn,Capricorn-39,,,,,,,,,,,Kuja_Khandam/images/Capricorn-Chart39.jpg
Capricorn,Capricorn-40,,,,,,,,,,,Kuja_Khandam/images/Capricorn-Chart40.jpg
Capricorn,Capricorn-41,,,,,,,,,,,Kuja_Khandam/images/Capricorn-Chart41.jpg
Capricorn,Capricorn-42,,,,,,,,,,,Kuja_Khandam/images/Capricorn-Chart42.jpg
Capricorn,Capricorn-43,,,,,,,,,,,Kuja_Khandam/images/Capricorn-Chart43.jpg
Capricorn,Capricorn-44,,,,,,,,,,,Kuja_Khandam/images/Capricorn-Chart44.jpg
Capricorn,Capricorn-45,,,,,,,,,,,Kuja_Khandam/images/Capricorn-Chart45.jpg
Capricorn,Capricorn-46,,,,,,,,,,,Kuja_Khandam/images/Capricorn-Chart46.jpg
Capricorn,Capricorn-47,,,,,,,,,,,Kuja_Khandam/images/Capricorn-Chart47.jpg
Capricorn,Capricorn-48,,,,,,,,,,,Kuja_Khandam/images/Capricorn-Chart48.jpg
Capricorn,Capricorn-49,,,,,,,,,,,Kuja_Khandam/images/Capricorn-Chart49.jpg
Capricorn,Capricorn-50,,,,,,,,,,,Kuja_Khandam/images/Capricorn-Chart50.jpg
Capricorn,Capricorn-51,,,,,,,,,,,Kuja_Khandam/images/Capricorn-Chart51.jpg
Capricorn,Capricorn-52,,,,,,,,,,,Kuja_Khandam/images/Capricorn-Chart52.jpg
Capricorn,Capricorn-53,,,,,,,,,,,Kuja_Khandam/images/Capricorn-Chart53.jpg
Capricorn,Capricorn-54,,,,,,,,,,,Kuja_Khandam/images/Capricorn-Chart54.jpg
Capricorn,Capricorn-55,,,,,,,,,,,Kuja_Khandam/images/Capricorn-Chart55.jpg
Capricorn,Capricorn-56,,,,,,,,,,,Kuja_Khandam/images/Capricorn-Chart56.jpg
Capricorn,Capricorn-57,,,,,,,,,,,Kuja_Khandam/images/Capricorn-Chart57.jpg
Capricorn,Capricorn-58,,,,,,,,,,,Kuja_Khandam/images/Capricorn-Chart58.jpg
Capricorn,Capricorn-59,,,,,,,,,,,Kuja_Khandam/images/Capricorn-Chart59.jpg
Capricorn,Capricorn-60,,,,,,,,,,,Kuja_Khandam/images/Capricorn-Chart60.jpg
Aquarius,Aquarius-01,,,,,,,,,,,Kuja_Khandam/images/Aquarius-Chart01.jpg
Aquarius,Aquarius-02,,,,,,,,,,,Kuja_Khandam/images/Aquarius-Chart02.jpg
Aquarius,Aquarius-03,,,,,,,,,,,Kuja_Khandam/images/Aquarius-Chart03.jpg
Aquarius,Aquarius-04,,,,,,,,,,,Kuja_Khandam/images/Aquarius-Chart04.jpg
Aquarius,Aquarius-05,,,,,,,,,,,Kuja_Khandam/images/Aquarius-Chart05.jpg
Aquarius,Aquarius-06,,,,,,,,,,,Kuja_Khandam/images/Aquarius-Chart06.jpg
Aquarius,Aquarius-07,,,,,,,,,,,Kuja_Khandam/images/Aquarius-Chart07.jpg
Aquarius,Aquarius-08,,,,,,,,,,,Kuja_Khandam/images/Aquarius-Chart08.jpg
Aquarius,Aquarius-09,,,,,,,,,,,Kuja_Khandam/images/Aquarius-Chart09.jpg
Aquarius,Aquarius-10,,,,,,,,,,,Kuja_Khandam/images/Aquarius-Chart10.jpg
Aquarius,Aquarius-11,,,,,,,,,,,Kuja_Khandam/images/Aquarius-Chart11.jpg
Aquarius,Aquarius-12,,,,,,,,,,,Kuja_Khandam/images/Aquarius-Chart12.jpg
Aquarius,Aquarius-13,,,,,,,,,,,Kuja_Khandam/images/Aquarius-Chart13.jpg
Aquarius,Aquarius-14,,,,,,,,,,,Kuja_Khandam/images/Aquarius-Chart14.jpg
Aquarius,Aquarius-15,,,,,,,,,,,Kuja_Khandam/images/Aquarius-Chart15.jpg
Aquarius,Aquarius-16,,,,,,,,,,,Kuja_Khandam/images/Aquarius-Chart16.jpg
Aquarius,Aquarius-17,,,,,,,,,,,Kuja_Khandam/images/Aquarius-Chart17.jpg
Aquarius,Aquarius-18,,,,,,,,,,,Kuja_Khandam/images/Aquarius-Chart18.jpg
Aquarius,Aquarius-19,,,,,,,,,,,Kuja_Khandam/images/Aquarius-Chart19.jpg
Aquarius,Aquarius-20,,,,,,,,,,,Kuja_Khandam/images/Aquarius-Chart20.jpg
Aquarius,Aquarius-21,,,,,,,,,,,Kuja_Khandam/images/Aquarius-Chart21.jpg
Aquarius,Aquarius-22,,,,,,,,,,,Kuja_Khandam/images/Aquarius-Chart22.jpg
Aquarius,Aquarius-23,,,,,,,,,,,Kuja_Khandam/images/Aquarius-Chart23.jpg
Aquarius,Aquarius-24,,,,,,,,,,,Kuja_Khandam/images/Aquarius-Chart24.jpg
Aquarius,Aquarius-25,,,,,,,,,,,Kuja_Khandam/images/Aquarius-Chart25.jpg
Aquarius,Aquarius-26,,,,,,,,,,,Kuja_Khandam/images/Aquarius-Chart26.jpg
Aquarius,Aquarius-27,,,,,,,,,,,Kuja_Khandam/images/Aquarius-Chart27.jpg
Aquarius,Aquarius-28,,,,,,,,,,,Kuja_Khandam/images/Aquarius-Chart28.jpg
Aquarius,Aquarius-29,,,,,,,,,,,Kuja_Khandam/images/Aquarius-Chart29.jpg
Aquarius,Aquarius-30,,,,,,,,,,,Kuja_Khandam/images/Aquarius-Chart30.jpg
Aquarius,Aquarius-31,,,,,,,,,,,Kuja_Khandam/images/Aquarius-Chart31.jpg
Aquarius,Aquarius-32,,,,,,,,,,,Kuja_Khandam/images/Aquarius-Chart32.jpg
Aquarius,Aquarius-33,,,,,,,,,,,Kuja_Khandam/images/Aquarius-Chart33.jpg
Aquarius,Aquarius-34,,,,,,,,,,,Kuja_Khandam/images/Aquarius-Chart34.jpg
Aquarius,Aquarius-35,,,,,,,,,,,Kuja_Khandam/images/Aquarius-Chart35.jpg
Aquarius,Aquarius-36,,,,,,,,,,,Kuja_Khandam/images/Aquarius-Chart36.jpg
Aquarius,Aquarius-37,,,,,,,,,,,Kuja_Khandam/images/Aquarius-Chart37.jpg
Aquarius,Aquarius-38,,,,,,,,,,,Kuja_Khandam/images/Aquarius-Chart38.jpg
Aquarius,Aquarius-39,,,,,,,,,,,Kuja_Khandam/images/Aquarius-Chart39.jpg
Aquarius,Aquarius-40,,,,,,,,,,,Kuja_Khandam/images/Aquarius-Chart40.jpg
Aquarius,Aquarius-41,,,,,,,,,,,Kuja_Khandam/images/Aquarius-Chart41.jpg
Aquarius,Aquarius-42,,,,,,,,,,,Kuja_Khandam/images/Aquarius-Chart42.jpg
Aquarius,Aquarius-43,,,,,,,,,,,Kuja_Khandam/images/Aquarius-Chart43.jpg
Aquarius,Aquarius-44,,,,,,,,,,,Kuja_Khandam/images/Aquarius-Chart44.jpg
Aquarius,Aquarius-45,,,,,,,,,,,Kuja_Khandam/images/Aquarius-Chart45.jpg
Aquarius,Aquarius-46,,,,,,,,,,,Kuja_Khandam/images/Aquarius-Chart46.jpg
Aquarius,Aquarius-47,,,,,,,,,,,Kuja_Khandam/images/Aquarius-Chart47.jpg
Aquarius,Aquarius-48,,,,,,,,,,,Kuja_Khandam/images/Aquarius-Chart48.jpg
Aquarius,Aquarius-49,,,,,,,,,,,Kuja_Khandam/images/Aquarius-Chart49.jpg
Aquarius,Aquarius-50,,,,,,,,,,,Kuja_Khandam/images/Aquarius-Chart50.jpg
Aquarius,Aquarius-51,,,,,,,,,,,Kuja_Khandam/images/Aquarius-Chart51.jpg
Aquarius,Aquarius-52,,,,,,,,,,,Kuja_Khandam/images/Aquarius-Chart52.jpg
Aquarius,Aquarius-53,,,,,,,,,,,Kuja_Khandam/images/Aquarius-Chart53.jpg
Aquarius,Aquarius-54,,,,,,,,,,,Kuja_Khandam/images/Aquarius-Chart54.jpg
Aquarius,Aquarius-55,,,,,,,,,,,Kuja_Khandam/images/Aquarius-Chart55.jpg
Aquarius,Aquarius-56,,,,,,,,,,,Kuja_Khandam/images/Aquarius-Chart56.jpg
Aquarius,Aquarius-57,,,,,,,,,,,Kuja_Khandam/images/Aquarius-Chart57.jpg
Aquarius,Aquarius-58,,,,,,,,,,,Kuja_Khandam/images/Aquarius-Chart58.jpg
Aquarius,Aquarius-59,,,,,,,,,,,Kuja_Khandam/images/Aquarius-Chart59.jpg
Aquarius,Aquarius-60,,,,,,,,,,,Kuja_Khandam/images/Aquarius-Chart60.jpg
Pisces,Pisces-01,,,,,,,,,,,Kuja_Khandam/images/Pisces-Chart01.jpg
Pisces,Pisces-02,,,,,,,,,,,Kuja_Khandam/images/Pisces-Chart02.jpg
Pisces,Pisces-03,,,,,,,,,,,Kuja_Khandam/images/Pisces-Chart03.jpg
Pisces,Pisces-04,,,,,,,,,,,Kuja_Khandam/images/Pisces-Chart04.jpg
Pisces,Pisces-05,,,,,,,,,,,Kuja_Khandam/images/Pisces-Chart05.jpg
Pisces,Pisces-06,,,,,,,,,,,Kuja_Khandam/images/Pisces-Chart06.jpg
Pisces,Pisces-07,,,,,,,,,,,Kuja_Khandam/images/Pisces-Chart07.jpg
Pisces,Pisces-08,,,,,,,,,,,Kuja_Khandam/images/Pisces-Chart08.jpg
Pisces,Pisces-09,,,,,,,,,,,Kuja_Khandam/images/Pisces-Chart09.jpg
Pisces,Pisces-10,,,,,,,,,,,Kuja_Khandam/images/Pisces-Chart10.jpg
Pisces,Pisces-11,,,,,,,,,,,Kuja_Khandam/images/Pisces-Chart11.jpg
Pisces,Pisces-12,,,,,,,,,,,Kuja_Khandam/images/Pisces-Chart12.jpg
Pisces,Pisces-13,,,,,,,,,,,Kuja_Khandam/images/Pisces-Chart13.jpg
Pisces,Pisces-14,,,,,,,,,,,Kuja_Khandam/images/Pisces-Chart14.jpg
Pisces,Pisces-15,,,,,,,,,,,Kuja_Khandam/images/Pisces-Chart15.jpg
Pisces,Pisces-16,,,,,,,,,,,Kuja_Khandam/images/Pisces-Chart16.jpg
Pisces,Pisces-17,,,,,,,,,,,Kuja_Khandam/images/Pisces-Chart17.jpg
Pisces,Pisces-18,,,,,,,,,,,Kuja_Khandam/images/Pisces-Chart18.jpg
Pisces,Pisces-19,,,,,,,,,,,Kuja_Khandam/images/Pisces-Chart19.jpg
Pisces,Pisces-20,,,,,,,,,,,Kuja_Khandam/images/Pisces-Chart20.jpg
Pisces,Pisces-21,,,,,,,,,,,Kuja_Khandam/images/Pisces-Chart21.jpg
Pisces,Pisces-22,,,,,,,,,,,Kuja_Khandam/images/Pisces-Chart22.jpg
Pisces,Pisces-23,,,,,,,,,,,Kuja_Khandam/images/Pisces-Chart23.jpg
Pisces,Pisces-24,,,,,,,,,,,Kuja_Khandam/images/Pisces-Chart24.jpg
Pisces,Pisces-25,,,,,,,,,,,Kuja_Khandam/images/Pisces-Chart25.jpg
Pisces,Pisces-26,,,,,,,,,,,Kuja_Khandam/images/Pisces-Chart26.jpg
Pisces,Pisces-27,,,,,,,,,,,Kuja_Khandam/images/Pisces-Chart27.jpg
Pisces,Pisces-28,,,,,,,,,,,Kuja_Khandam/images/Pisces-Chart28.jpg
Pisces,Pisces-29,,,,,,,,,,,Kuja_Khandam/images/Pisces-Chart29.jpg
Pisces,Pisces-30,,,,,,,,,,,Kuja_Khandam/images/Pisces-Chart30.jpg
Pisces,Pisces-31,,,,,,,,,,,Kuja_Khandam/images/Pisces-Chart31.jpg
Pisces,Pisces-32,,,,,,,,,,,Kuja_Khandam/images/Pisces-Chart32.jpg
Pisces,Pisces-33,,,,,,,,,,,Kuja_Khandam/images/Pisces-Chart33.jpg
Pisces,Pisces-34,,,,,,,,,,,Kuja_Khandam/images/Pisces-Chart34.jpg
Pisces,Pisces-35,,,,,,,,,,,Kuja_Khandam/images/Pisces-Chart35.jpg
Pisces,Pisces-36,,,,,,,,,,,Kuja_Khandam/images/Pisces-Chart36.jpg
Pisces,Pisces-37,,,,,,,,,,,Kuja_Khandam/images/Pisces-Chart37.jpg
Pisces,Pisces-38,,,,,,,,,,,Kuja_Khandam/images/Pisces-Chart38.jpg
Pisces,Pisces-39,,,,,,,,,,,Kuja_Khandam/images/Pisces-Chart39.jpg
Pisces,Pisces-40,,,,,,,,,,,Kuja_Khandam/images/Pisces-Chart40.jpg
Pisces,Pisces-41,,,,,,,,,,,Kuja_Khandam/images/Pisces-Chart41.jpg
Pisces,Pisces-42,,,,,,,,,,,Kuja_Khandam/images/Pisces-Chart42.jpg
Pisces,Pisces-43,,,,,,,,,,,Kuja_Khandam/images/Pisces-Chart43.jpg
Pisces,Pisces-44,,,,,,,,,,,Kuja_Khandam/images/Pisces-Chart44.jpg
Pisces,Pisces-45,,,,,,,,,,,Kuja_Khandam/images/Pisces-Chart45.jpg
Pisces,Pisces-46,,,,,,,,,,,Kuja_Khandam/images/Pisces-Chart46.jpg
Pisces,Pisces-47,,,,,,,,,,,Kuja_Khandam/images/Pisces-Chart47.jpg
Pisces,Pisces-48,,,,,,,,,,,Kuja_Khandam/images/Pisces-Chart48.jpg
Pisces,Pisces-49,,,,,,,,,,,Kuja_Khandam/images/Pisces-Chart49.jpg
Pisces,Pisces-50,,,,,,,,,,,Kuja_Khandam/images/Pisces-Chart50.jpg
Pisces,Pisces-51,,,,,,,,,,,Kuja_Khandam/images/Pisces-Chart51.jpg
Pisces,Pisces-52,,,,,,,,,,,Kuja_Khandam/images/Pisces-Chart52.jpg
Pisces,Pisces-53,,,,,,,,,,,Kuja_Khandam/images/Pisces-Chart53.jpg
Pisces,Pisces-54,,,,,,,,,,,Kuja_Khandam/images/Pisces-Chart54.jpg
Pisces,Pisces-55,,,,,,,,,,,Kuja_Khandam/images/Pisces-Chart55.jpg
Pisces,Pisces-56,,,,,,,,,,,Kuja_Khandam/images/Pisces-Chart56.jpg
Pisces,Pisces-57,,,,,,,,,,,Kuja_Khandam/images/Pisces-Chart57.jpg
Pisces,Pisces-58,,,,,,,,,,,Kuja_Khandam/images/Pisces-Chart58.jpg
Pisces,Pisces-59,,,,,,,,,,,Kuja_Khandam/images/Pisces-Chart59.jpg
Pisces,Pisces-60,,,,,,,,,,,Kuja_Khandam/images/Pisces-Chart60.jpg
